序号,型号/值,器件,封装,立创编号,数量,位号,备注
1,CC0805KRX7R9BB104（100nF 50V X7R）,电容,C0805,C49678,12,"C9 C10 C11 C12 C13 C14 C15 C16 C17 C18 C19 C20",C9~C16 为滤波电容；C17~C20 为 U1/U2 去耦
2,OPA2140AID,运放,SOIC-8,C83657,2,U1 U2,TI 精密双运放 11MHz；4 个运放单元全部用上
3,BWSMA-KWE-Z001,SMA 射频座,SMA-TH_板边贴片,C496551,4,J1 J2 J3 J4,输入 ×2 / 输出 ×2（A/B 双通道）
4,PZ254V-11-04P,排针 4P,HDR-TH_4P-P2.54-V-M,C2691448,1,H1,电源输入（±5V + GND）
5,2.54-1*3P 针,排针 3P,HDR-TH_3P-P2.54-V-M-1,C49257,4,H2 H3 H4 H5,NC / 通路选择跳线（3 选 1）
6,0Ω,电阻,R0805,（任意 0805）,4,R4 R5 R12 R13,0Ω 跳线：选通道 / 直通
7,待定 XX,电阻,R0805,（待选）,8,R1 R2 R6 R7 R8 R9 R10 R11,⚠️ 原理图里仍是占位 XX，需按参考设计定值
8,10uF,电容,C0603,（待选）,1,C1,电源储能
9,0.1uF,电容,C0603,（待选）,2,C2 C3,电源高频去耦
10,10（见参考设计）,电容,C0603,（待选）,1,C4,补偿电容位
